algorithm,scenario_index,run_id,source,dest,bandwidth_requirement,path,cost,delay_ms,reliability_cost,resource_cost
GA (Optimized),0,0,8,44,200.0,"[8, 240, 243, 67, 44]",11.91722232038449,20.98,0.20523599918242486,6.828257603148808
GA (Optimized),0,1,8,44,200.0,"[8, 244, 123, 44]",10.627397792692598,15.559999999999999,0.13237248065449306,14.038430242481255
GA (Optimized),0,2,8,44,200.0,"[8, 244, 44]",5.386250358754264,8.36,0.08358923918837177,5.905867934988766
GA (Optimized),0,3,8,44,200.0,"[8, 54, 106, 44]",11.211665728440865,20.9,0.12490595228016306,3.620969713784085
GA (Optimized),0,4,8,44,200.0,"[8, 67, 108, 68, 129, 70, 48, 44]",23.272752338889628,42.239999999999995,0.4271688783321835,10.123008376949864
GA (Optimized),1,0,24,221,172.0,"[24, 58, 221]",5.0793161872243475,9.01,0.09246987479226651,2.732876123933337
GA (Optimized),1,1,24,221,172.0,"[24, 147, 205, 221]",12.063263985054377,21.959999999999997,0.08016894351571716,5.296066509998308
GA (Optimized),1,2,24,221,172.0,"[24, 58, 221]",5.0793161872243475,9.01,0.09246987479226651,2.732876123933337
GA (Optimized),1,3,24,221,172.0,"[24, 170, 174, 221]",7.526184879046593,12.540000000000001,0.16710751197703586,6.030263127267407
GA (Optimized),1,4,24,221,172.0,"[24, 11, 221]",7.000816438184296,12.33,0.07326065338352736,4.069191210846189
GA (Optimized),2,0,32,42,162.0,"[32, 139, 128, 137, 74, 174, 42]",19.582290128055327,33.98,0.2798304667391586,12.541704940167904
GA (Optimized),2,1,32,42,162.0,"[32, 31, 7, 116, 80, 42]",15.201101760174605,27.18,0.25640035318910637,7.67090827108936
GA (Optimized),2,2,32,42,162.0,"[32, 166, 33, 42]",9.558123568467924,17.16,0.14177229116247425,4.67795940559591
GA (Optimized),2,3,32,42,162.0,"[32, 238, 42]",6.2631129980468,10.59,0.049477503933296176,4.766348734334056
GA (Optimized),2,4,32,42,162.0,"[32, 31, 65, 42]",10.069518948097942,18.14,0.13565620632873354,4.794110430996602
GA (Optimized),3,0,37,208,124.0,"[37, 71, 208]",6.289704322076053,10.63,0.07598188498601033,4.759548782901247
GA (Optimized),3,1,37,208,124.0,"[37, 71, 208]",6.289704322076053,10.63,0.07598188498601033,4.759548782901247
GA (Optimized),3,2,37,208,124.0,"[37, 112, 208]",6.334583404358624,11.69,0.03026165174239738,2.4025245441795233
GA (Optimized),3,3,37,208,124.0,"[37, 71, 208]",6.289704322076053,10.63,0.07598188498601033,4.759548782901247
GA (Optimized),3,4,37,208,124.0,"[37, 112, 200, 179, 87, 208]",15.728329730455265,27.37,0.26767304388644086,9.81513908644666
GA (Optimized),4,0,51,124,94.0,"[51, 124]",3.721857533679465,7.0,0.014098924379501648,1.088139281828074
GA (Optimized),4,1,51,124,94.0,"[51, 167, 132, 124]",9.495681865931866,14.7,0.14214120831041036,10.515197517193716
GA (Optimized),4,2,51,124,94.0,"[51, 58, 124]",5.564738649550883,9.01,0.10179032526762952,5.146007759852972
GA (Optimized),4,3,51,124,94.0,"[51, 124]",3.721857533679465,7.0,0.014098924379501648,1.088139281828074
GA (Optimized),4,4,51,124,94.0,"[51, 71, 224, 124]",9.211222836763351,15.260000000000002,0.10160830792585179,7.753701721927979
GA (Optimized),5,0,53,19,57.0,"[53, 126, 19]",4.311705114199473,7.5600000000000005,0.10589085626354804,2.499689286602038
GA (Optimized),5,1,53,19,57.0,"[53, 126, 19]",4.311705114199473,7.5600000000000005,0.10589085626354804,2.499689286602038
GA (Optimized),5,2,53,19,57.0,"[53, 62, 19]",7.1608718243786385,12.47,0.03735436682159335,4.573327571660802
GA (Optimized),5,3,53,19,57.0,"[53, 1, 200, 150, 44, 19]",18.967934703105666,33.980000000000004,0.26332536648903493,9.494685465794763
GA (Optimized),5,4,53,19,57.0,"[53, 126, 218, 19]",9.396108287560367,16.78,0.11671240689153237,4.85547282746453
GA (Optimized),6,0,58,106,115.0,"[58, 126, 106]",6.909005703587948,12.56,0.1010283928668187,2.9934859286395126
GA (Optimized),6,1,58,106,115.0,"[58, 178, 106]",6.12067315609306,10.8,0.05158751134932697,3.5259845134413066
GA (Optimized),6,2,58,106,115.0,"[58, 15, 106]",4.653823720423383,7.9,0.10810757425953182,3.3569572407276165
GA (Optimized),6,3,58,106,115.0,"[58, 15, 106]",4.653823720423383,7.9,0.10810757425953182,3.3569572407276165
GA (Optimized),6,4,58,106,115.0,"[58, 15, 106]",4.653823720423383,7.9,0.10810757425953182,3.3569572407276165
GA (Optimized),7,0,64,237,98.0,"[64, 103, 190, 237]",8.568434928311376,15.620000000000001,0.14342993591909758,3.5770297376782274
GA (Optimized),7,1,64,237,98.0,"[64, 237]",4.791030839875483,9.0,0.03770186718401153,1.3986013986013985
GA (Optimized),7,2,64,237,98.0,"[64, 237]",4.791030839875483,9.0,0.03770186718401153,1.3986013986013985
GA (Optimized),7,3,64,237,98.0,"[64, 171, 55, 237]",9.844662519409743,18.16,0.09808331628146585,3.676187622626511
GA (Optimized),7,4,64,237,98.0,"[64, 190, 237]",5.630938201429143,9.57,0.11331151345444038,4.059723736964056
GA (Optimized),8,0,77,67,135.0,"[77, 63, 67]",6.3462589723737555,10.05,0.08140048353413273,6.484194136567577
GA (Optimized),8,1,77,67,135.0,"[77, 200, 179, 67]",8.645643790254065,15.48,0.15806750967697678,4.2911176867548555
GA (Optimized),8,2,77,67,135.0,"[77, 105, 209, 67]",10.189621102597673,17.29,0.12497782121849019,7.5356387811606345
GA (Optimized),8,3,77,67,135.0,"[77, 63, 67]",6.3462589723737555,10.05,0.08140048353413273,6.484194136567577
GA (Optimized),8,4,77,67,135.0,"[77, 171, 243, 67]",12.136274499106015,22.73,0.1405282283365609,3.6455801530252367
GA (Optimized),9,0,82,39,19.0,"[82, 39]",6.903106587820338,13.0,0.04919024419077178,1.941747572815534
GA (Optimized),9,1,82,39,19.0,"[82, 83, 236, 104, 39]",14.05776776816293,23.919999999999998,0.23581082475157936,10.135122603687284
GA (Optimized),9,2,82,39,19.0,"[82, 97, 39]",5.3674080077376525,7.54,0.05566286073721079,7.903545747582445
GA (Optimized),9,3,82,39,19.0,"[82, 97, 39]",5.3674080077376525,7.54,0.05566286073721079,7.903545747582445
GA (Optimized),9,4,82,39,19.0,"[82, 246, 234, 39]",8.600501902538142,15.219999999999999,0.1485516451333648,4.7296820449906605
GA (Optimized),10,0,85,180,24.0,"[85, 76, 30, 211, 204, 196, 166, 180]",20.760239249498966,36.15,0.3540002242248634,12.895195911157547
GA (Optimized),10,1,85,180,24.0,"[85, 224, 174, 180]",10.718386766835884,19.45,0.11075002461074268,4.800808797263305
GA (Optimized),10,2,85,180,24.0,"[85, 153, 209, 81, 230, 180]",16.08826788884371,28.16,0.2944427760244272,9.599675280181899
GA (Optimized),10,3,85,180,24.0,"[85, 206, 180]",6.032417382042389,11.03,0.0889042753919492,2.453730497124027
GA (Optimized),10,4,85,180,24.0,"[85, 2, 180]",5.76156587832437,10.35,0.09037266780344741,2.7972703899166813
GA (Optimized),11,0,87,193,98.0,"[87, 11, 139, 193]",8.435645890413454,15.11,0.1371554214951114,4.197496319824603
GA (Optimized),11,1,87,193,98.0,"[87, 71, 23, 58, 245, 193]",15.132296565368758,26.45,0.2142898269490228,9.215048086420255
GA (Optimized),11,2,87,193,98.0,"[87, 193]",7.390307464785021,14.0,0.004008021397538822,1.9455252918287937
GA (Optimized),11,3,87,193,98.0,"[87, 193]",7.390307464785021,14.0,0.004008021397538822,1.9455252918287937
GA (Optimized),11,4,87,193,98.0,"[87, 193]",7.390307464785021,14.0,0.004008021397538822,1.9455252918287937
GA (Optimized),12,0,94,68,115.0,"[94, 61, 224, 68]",9.794746976391394,17.57,0.1074326156713886,4.887585958449888
GA (Optimized),12,1,94,68,115.0,"[94, 204, 210, 143, 68]",12.116661399967798,20.560000000000002,0.1911754589863674,8.896543811359436
GA (Optimized),12,2,94,68,115.0,"[94, 74, 167, 68]",8.552842465747435,15.11,0.13429135269589768,4.787775299693337
GA (Optimized),12,3,94,68,115.0,"[94, 153, 209, 45, 170, 68]",17.19854352235376,30.669999999999998,0.22060715805943473,8.98680687467964
GA (Optimized),12,4,94,68,115.0,"[94, 46, 203, 166, 68]",15.191683281321449,26.57,0.2072071912408262,9.222605619746009
GA (Optimized),13,0,97,7,45.0,"[97, 15, 208, 7]",10.396576039006849,16.79,0.12434353413705455,9.821364893828662
GA (Optimized),13,1,97,7,45.0,"[97, 191, 7]",4.95893022280158,8.05,0.042316348010468186,4.606176591992195
GA (Optimized),13,2,97,7,45.0,"[97, 87, 7]",5.708234623724034,10.2,0.10386114028309182,2.885381408195535
GA (Optimized),13,3,97,7,45.0,"[97, 191, 7]",4.95893022280158,8.05,0.042316348010468186,4.606176591992195
GA (Optimized),13,4,97,7,45.0,"[97, 227, 135, 7]",10.901933428584275,17.1,0.13845507137725038,11.551984535855503
GA (Optimized),14,0,98,70,144.0,"[98, 129, 70]",6.211871103594229,8.76,0.11328086565038128,8.98943421949557
GA (Optimized),14,1,98,70,144.0,"[98, 81, 70]",6.340584113088429,11.11,0.05457405969117113,3.8460594759053883
GA (Optimized),14,2,98,70,144.0,"[98, 200, 22, 70]",7.695416588125691,13.64,0.11619344021400015,4.202792780307453
GA (Optimized),14,3,98,70,144.0,"[98, 117, 138, 70]",10.256851713011761,18.759999999999998,0.20849351818952716,4.071518287774522
GA (Optimized),14,4,98,70,144.0,"[98, 81, 113, 70]",7.868842611335073,13.629999999999999,0.1370572812516693,5.063627134797864
GA (Optimized),15,0,103,242,189.0,"[103, 110, 4, 33, 242]",12.526813202803439,22.04,0.1838946268745108,7.258224073705428
GA (Optimized),15,1,103,242,189.0,"[103, 107, 134, 115, 208, 242]",18.229298211527713,32.43,0.2669738577318218,9.67103027104083
GA (Optimized),15,2,103,242,189.0,"[103, 155, 75, 242]",10.426629862448392,17.93,0.10864587791510774,7.145180495369298
GA (Optimized),15,3,103,242,189.0,"[103, 46, 81, 242]",9.931780463670156,17.81,0.13316417021549723,4.934156063027531
GA (Optimized),15,4,103,242,189.0,"[103, 198, 92, 6, 242]",13.645964867335097,24.21,0.2361783190612875,7.35055685808355
GA (Optimized),16,0,108,129,84.0,"[108, 239, 129]",7.286234070554315,13.18,0.06999781198483271,3.3761736347943248
GA (Optimized),16,1,108,129,84.0,"[108, 68, 129]",6.429488903337874,11.72,0.09970750849822074,2.6978832539420354
GA (Optimized),16,2,108,129,84.0,"[108, 68, 129]",6.429488903337874,11.72,0.09970750849822074,2.6978832539420354
GA (Optimized),16,3,108,129,84.0,"[108, 233, 226, 145, 141, 129]",13.726116958156048,23.43,0.20919972754275282,9.741785199466115
GA (Optimized),16,4,108,129,84.0,"[108, 239, 129]",7.286234070554315,13.18,0.06999781198483271,3.3761736347943248
GA (Optimized),17,0,142,136,82.0,"[142, 136]",2.2942744151578363,4.0,0.016129381929883644,1.447178002894356
GA (Optimized),17,1,142,136,82.0,"[142, 193, 136]",5.271479709251208,9.21,0.07395162006965378,3.221471116151559
GA (Optimized),17,2,142,136,82.0,"[142, 47, 136]",6.322356985988479,11.54,0.11106973226370484,2.5951803315468447
GA (Optimized),17,3,142,136,82.0,"[142, 136]",2.2942744151578363,4.0,0.016129381929883644,1.447178002894356
GA (Optimized),17,4,142,136,82.0,"[142, 136]",2.2942744151578363,4.0,0.016129381929883644,1.447178002894356
GA (Optimized),18,0,155,81,59.0,"[155, 34, 81]",6.066506508735346,8.57,0.08463712720714697,8.78057685286601
GA (Optimized),18,1,155,81,59.0,"[155, 2, 37, 147, 81]",13.59972466180908,23.38,0.20041192758139148,9.248005417673312
GA (Optimized),18,2,155,81,59.0,"[155, 143, 147, 81]",10.07386066779667,18.22,0.11770809471510604,4.6427411969106895
GA (Optimized),18,3,155,81,59.0,"[155, 2, 74, 208, 86, 81]",16.377310878977696,29.61,0.246052948579649,7.4924749720190045
GA (Optimized),18,4,155,81,59.0,"[155, 34, 81]",6.066506508735346,8.57,0.08463712720714697,8.78057685286601
GA (Optimized),19,0,159,177,47.0,"[159, 139, 177]",7.246303927986033,12.78,0.08464358424285012,4.154554263565892
GA (Optimized),19,1,159,177,47.0,"[159, 139, 177]",7.246303927986033,12.78,0.08464358424285012,4.154554263565892
GA (Optimized),19,2,159,177,47.0,"[159, 136, 214, 177]",8.735128842216358,14.49,0.07382977378469234,7.3398995504047555
GA (Optimized),19,3,159,177,47.0,"[159, 205, 153, 17, 177]",13.911776579811947,24.38,0.17730980603679855,8.342918190004543
GA (Optimized),19,4,159,177,47.0,"[159, 35, 177]",7.27094194421367,11.93,0.11432307522882498,6.358225108225108
GA (Optimized),20,0,180,225,169.0,"[180, 225]",7.3871352002121755,14.0,0.05129329438755058,1.858736059479554
GA (Optimized),20,1,180,225,169.0,"[180, 225]",7.3871352002121755,14.0,0.05129329438755058,1.858736059479554
GA (Optimized),20,2,180,225,169.0,"[180, 207, 165, 195, 225]",14.034289452490405,26.090000000000003,0.11872873989599247,4.768354152608025
GA (Optimized),20,3,180,225,169.0,"[180, 225]",7.3871352002121755,14.0,0.05129329438755058,1.858736059479554
GA (Optimized),20,4,180,225,169.0,"[180, 129, 239, 225]",9.85978400130321,16.94,0.14260143682711035,6.735017851275378
GA (Optimized),21,0,187,189,174.0,"[187, 46, 58, 189]",8.797406818285635,15.709999999999999,0.1587437533786361,4.473918461360229
GA (Optimized),21,1,187,189,174.0,"[187, 152, 16, 10, 231, 189]",16.289015869363443,28.759999999999998,0.2536443388797002,9.164612838497668
GA (Optimized),21,2,187,189,174.0,"[187, 148, 113, 189]",9.444718774946317,17.43,0.12291526234544348,3.464220981213413
GA (Optimized),21,3,187,189,174.0,"[187, 134, 113, 189]",9.32747806850909,17.09,0.14756191651650033,3.691047467770699
GA (Optimized),21,4,187,189,174.0,"[187, 81, 132, 189]",7.267085677204736,12.94,0.09955720678345155,3.836092575848502
GA (Optimized),22,0,189,128,18.0,"[189, 137, 128]",4.996381693226742,8.81,0.040417232697375086,2.89628261708765
GA (Optimized),22,1,189,128,18.0,"[189, 234, 196, 128]",8.642954877310476,15.08,0.16935715706476814,5.260738650955229
GA (Optimized),22,2,189,128,18.0,"[189, 115, 230, 128]",10.004889162694086,16.490000000000002,0.14530251739735725,8.58149203737439
GA (Optimized),22,3,189,128,18.0,"[189, 137, 128]",4.996381693226742,8.81,0.040417232697375086,2.89628261708765
GA (Optimized),22,4,189,128,18.0,"[189, 58, 21, 169, 128]",11.635982237576837,20.42,0.15749058424138193,6.893675311522104
GA (Optimized),23,0,196,143,191.0,"[196, 162, 5, 143]",7.547558151006044,13.06,0.09974140232028375,4.938178651549792
GA (Optimized),23,1,196,143,191.0,"[196, 198, 91, 143]",9.389595654127067,16.69,0.13650294345048836,5.0182238554596035
GA (Optimized),23,2,196,143,191.0,"[196, 20, 143]",5.576906719957046,9.88,0.10200706697960736,3.0315229993158175
GA (Optimized),23,3,196,143,191.0,"[196, 20, 143]",5.576906719957046,9.88,0.10200706697960736,3.0315229993158175
GA (Optimized),23,4,196,143,191.0,"[196, 20, 143]",5.576906719957046,9.88,0.10200706697960736,3.0315229993158175
GA (Optimized),24,0,212,75,148.0,"[212, 75]",1.8463189353645837,3.0,0.03770186718401153,1.6750418760469012
GA (Optimized),24,1,212,75,148.0,"[212, 75]",1.8463189353645837,3.0,0.03770186718401153,1.6750418760469012
GA (Optimized),24,2,212,75,148.0,"[212, 75]",1.8463189353645837,3.0,0.03770186718401153,1.6750418760469012
GA (Optimized),24,3,212,75,148.0,"[212, 75]",1.8463189353645837,3.0,0.03770186718401153,1.6750418760469012
GA (Optimized),24,4,212,75,148.0,"[212, 75]",1.8463189353645837,3.0,0.03770186718401153,1.6750418760469012
GA (Optimized),25,0,224,27,32.0,"[224, 59, 110, 27]",8.526505456931183,15.290000000000001,0.1238604001568196,4.22173668442068
GA (Optimized),25,1,224,27,32.0,"[224, 85, 24, 27]",9.547088165158508,17.369999999999997,0.18029767801056965,4.039994308776692
GA (Optimized),25,2,224,27,32.0,"[224, 226, 50, 0, 134, 27]",16.627990383420116,27.94,0.17643054280071116,13.02530610289951
GA (Optimized),25,3,224,27,32.0,"[224, 215, 155, 27]",9.25481440676353,16.41,0.15259688762621576,5.020176702378322
GA (Optimized),25,4,224,27,32.0,"[224, 200, 27]",6.916157664454257,9.71,0.09362123806971341,10.165356465166711
GA (Optimized),26,0,235,139,190.0,"[235, 139]",5.389189038988964,9.0,0.0010005003335835344,4.444444444444445
GA (Optimized),26,1,235,139,190.0,"[235, 139]",5.389189038988964,9.0,0.0010005003335835344,4.444444444444445
GA (Optimized),26,2,235,139,190.0,"[235, 41, 139]",6.587603215371488,10.120000000000001,0.05571881256329626,7.554437858012495
GA (Optimized),26,3,235,139,190.0,"[235, 139]",5.389189038988964,9.0,0.0010005003335835344,4.444444444444445
GA (Optimized),26,4,235,139,190.0,"[235, 1, 139]",6.214308604891778,9.88,0.04236582311058805,6.3079942897930055
GA (Optimized),27,0,245,94,33.0,"[245, 98, 9, 94]",8.217740997854191,14.63,0.07594449105717582,4.399788252685196
GA (Optimized),27,1,245,94,33.0,"[245, 146, 72, 208, 172, 94]",18.10885542043863,33.24,0.18750401752793291,7.1630210759012485
GA (Optimized),27,2,245,94,33.0,"[245, 94]",5.57393666400685,10.0,0.019182819416773987,2.840909090909091
GA (Optimized),27,3,245,94,33.0,"[245, 168, 94]",6.178279027086174,11.42,0.08341148982026282,2.216277900700476
GA (Optimized),27,4,245,94,33.0,"[245, 41, 105, 94]",12.48831668285287,23.19,0.08642303701041486,4.33694885874873
GA (Optimized),28,0,246,144,119.0,"[246, 146, 144]",7.165468755551988,11.96,0.06168121831797363,5.834821950282977
GA (Optimized),28,1,246,144,119.0,"[246, 167, 154, 144]",8.731511430240694,15.36,0.0658399435567077,5.158797235868412
GA (Optimized),28,2,246,144,119.0,"[246, 48, 144]",6.552443679567911,11.76,0.07633822408693829,3.2477110617091443
GA (Optimized),28,3,246,144,119.0,"[246, 48, 144]",6.552443679567911,11.76,0.07633822408693829,3.2477110617091443
GA (Optimized),28,4,246,144,119.0,"[246, 247, 59, 144]",7.608836757999574,13.41,0.13124181077842523,4.322321073830231
GA (Optimized),29,0,248,189,21.0,"[248, 47, 189]",6.91299189850806,12.54,0.12462621312662828,3.028020172850357
GA (Optimized),29,1,248,189,21.0,"[248, 216, 189]",5.021990910667687,7.16,0.08932107137221143,7.075972946280114
GA (Optimized),29,2,248,189,21.0,"[248, 47, 189]",6.91299189850806,12.54,0.12462621312662828,3.028020172850357
GA (Optimized),29,3,248,189,21.0,"[248, 15, 115, 189]",8.624977309212795,15.11,0.17616395313140393,5.085640616366874
GA (Optimized),29,4,248,189,21.0,"[248, 41, 112, 232, 189]",14.049466903236526,23.990000000000002,0.16063706502569447,10.031378918644089
SARSA (Optimized),0,0,8,44,200.0,"[8, 68, 166, 44]",12.025640837261225,22.32,0.18786535732513635,4.046406150318416
SARSA (Optimized),0,1,8,44,200.0,"[8, 238, 44]",5.911019926660632,8.59,0.11360709205856662,7.909688995215311
SARSA (Optimized),0,2,8,44,200.0,"[8, 238, 44]",5.911019926660632,8.59,0.11360709205856662,7.909688995215311
SARSA (Optimized),0,3,8,44,200.0,"[8, 149, 44]",10.297456660195886,19.49,0.09146371394817987,2.625087730057169
SARSA (Optimized),0,4,8,44,200.0,"[8, 5, 44]",9.628353975399689,18.1,0.05989786671690926,2.801923076923077
SARSA (Optimized),1,0,24,221,172.0,"[24, 188, 221]",7.92098974674599,13.14,0.07492936047769115,6.642554693013409
SARSA (Optimized),1,1,24,221,172.0,"[24, 146, 221]",8.320263546360659,14.96,0.10701852940328195,4.040789937698366
SARSA (Optimized),1,2,24,221,172.0,"[24, 109, 221]",9.100034938792746,15.98,0.06328592995755535,5.455245799027397
SARSA (Optimized),1,3,24,221,172.0,"[24, 29, 37, 221]",13.104356853069167,24.259999999999998,0.15894951759130277,4.633359988958889
SARSA (Optimized),1,4,24,221,172.0,"[24, 146, 221]",8.320263546360659,14.96,0.10701852940328195,4.040789937698366
SARSA (Optimized),2,0,32,42,162.0,"[32, 35, 215, 42]",11.164017883633536,18.83,0.13566611821680175,8.541590240842478
SARSA (Optimized),2,1,32,42,162.0,"[32, 138, 42]",7.789699146560314,14.56,0.06085962405229742,2.457206296723122
SARSA (Optimized),2,2,32,42,162.0,"[32, 206, 114, 42]",12.281712895610193,21.34,0.18915163961482348,7.774837018628728
SARSA (Optimized),2,3,32,42,162.0,"[32, 189, 42]",11.24033581999506,20.88,0.05283571488564477,3.922425527646831
SARSA (Optimized),2,4,32,42,162.0,"[32, 192, 42]",7.5173800873461865,13.22,0.0434359548146368,4.471746504508976
SARSA (Optimized),3,0,37,208,124.0,"[37, 87, 208]",8.104000940331348,15.2,0.07861310504251356,2.40208504409297
SARSA (Optimized),3,1,37,208,124.0,"[37, 122, 208]",8.093738888354771,14.86,0.04347212384630674,3.2534862560044013
SARSA (Optimized),3,2,37,208,124.0,"[37, 88, 208]",6.371931729702145,11.75,0.07648187995218622,2.3699358285824452
SARSA (Optimized),3,3,37,208,124.0,"[37, 168, 208]",7.9350573200855985,14.42,0.0780120768006543,3.5082684852270107
SARSA (Optimized),3,4,37,208,124.0,"[37, 150, 208]",8.07246053417943,15.04,0.08221149379087359,2.6389854302108464
SARSA (Optimized),4,0,51,124,94.0,"[51, 124]",3.721857533679465,7.0,0.014098924379501648,1.088139281828074
SARSA (Optimized),4,1,51,124,94.0,"[51, 124]",3.721857533679465,7.0,0.014098924379501648,1.088139281828074
SARSA (Optimized),4,2,51,124,94.0,"[51, 124]",3.721857533679465,7.0,0.014098924379501648,1.088139281828074
SARSA (Optimized),4,3,51,124,94.0,"[51, 124]",3.721857533679465,7.0,0.014098924379501648,1.088139281828074
SARSA (Optimized),4,4,51,124,94.0,"[51, 124]",3.721857533679465,7.0,0.014098924379501648,1.088139281828074
SARSA (Optimized),5,0,53,19,57.0,"[53, 172, 83, 19]",13.144843898567974,23.38,0.15766847001153997,7.037716787822562
SARSA (Optimized),5,1,53,19,57.0,"[53, 93, 19]",11.584759640279959,21.73,0.11116139717352491,3.4320561056395054
SARSA (Optimized),5,2,53,19,57.0,"[53, 95, 19]",9.152006546157875,17.25,0.09245376723776469,2.4963520799327297
SARSA (Optimized),5,3,53,19,57.0,"[53, 157, 19]",10.905733926826228,17.86,0.05009411053810719,9.803528468323977
SARSA (Optimized),5,4,53,19,57.0,"[53, 62, 19]",7.1608718243786385,12.47,0.03735436682159335,4.573327571660802
SARSA (Optimized),6,0,58,106,115.0,"[58, 190, 106]",11.045352826743875,20.57,0.11245087069900561,3.633087827670864
SARSA (Optimized),6,1,58,106,115.0,"[58, 174, 102, 106]",11.616209741667587,19.490000000000002,0.17005235897225077,9.100970169879556
SARSA (Optimized),6,2,58,106,115.0,"[58, 47, 106]",9.796491953080615,16.54,0.0546364765986833,7.55050505050505
SARSA (Optimized),6,3,58,106,115.0,"[58, 21, 212, 106]",10.279909599142442,17.43,0.15890677316363466,7.586187835966757
SARSA (Optimized),6,4,58,106,115.0,"[58, 245, 158, 106]",7.977762393248275,13.69,0.12882007195916242,5.470581858302633
SARSA (Optimized),7,0,64,237,98.0,"[64, 237]",4.791030839875483,9.0,0.03770186718401153,1.3986013986013985
SARSA (Optimized),7,1,64,237,98.0,"[64, 237]",4.791030839875483,9.0,0.03770186718401153,1.3986013986013985
SARSA (Optimized),7,2,64,237,98.0,"[64, 237]",4.791030839875483,9.0,0.03770186718401153,1.3986013986013985
SARSA (Optimized),7,3,64,237,98.0,"[64, 237]",4.791030839875483,9.0,0.03770186718401153,1.3986013986013985
SARSA (Optimized),7,4,64,237,98.0,"[64, 237]",4.791030839875483,9.0,0.03770186718401153,1.3986013986013985
SARSA (Optimized),8,0,77,67,135.0,"[77, 93, 169, 67]",12.524480430493918,22.7,0.11267883855812769,5.703383894632395
SARSA (Optimized),8,1,77,67,135.0,"[77, 168, 67]",14.692477064636568,27.42,0.04745066989258853,4.841209318343952
SARSA (Optimized),8,2,77,67,135.0,"[77, 181, 67]",10.929784359728869,20.85,0.06908662088128867,2.420291867322406
SARSA (Optimized),8,3,77,67,135.0,"[77, 158, 67]",8.407996371730412,15.01,0.06578401964892566,4.41630582917867
SARSA (Optimized),8,4,77,67,135.0,"[77, 78, 67]",6.733559744828178,12.379999999999999,0.08119749151314637,2.596002486871172
SARSA (Optimized),9,0,82,39,19.0,"[82, 39]",6.903106587820338,13.0,0.04919024419077178,1.941747572815534
SARSA (Optimized),9,1,82,39,19.0,"[82, 39]",6.903106587820338,13.0,0.04919024419077178,1.941747572815534
SARSA (Optimized),9,2,82,39,19.0,"[82, 39]",6.903106587820338,13.0,0.04919024419077178,1.941747572815534
SARSA (Optimized),9,3,82,39,19.0,"[82, 39]",6.903106587820338,13.0,0.04919024419077178,1.941747572815534
SARSA (Optimized),9,4,82,39,19.0,"[82, 39]",6.903106587820338,13.0,0.04919024419077178,1.941747572815534
SARSA (Optimized),10,0,85,180,24.0,"[85, 153, 180]",6.8292504908127585,12.55,0.04138960974997095,2.7091680394388353
SARSA (Optimized),10,1,85,180,24.0,"[85, 24, 13, 180]",10.084195303607213,17.66,0.18034723759236504,6.000455661647516
SARSA (Optimized),10,2,85,180,24.0,"[85, 77, 180]",6.9259312685620795,12.75,0.08233415227858534,2.63115511439252
SARSA (Optimized),10,3,85,180,24.0,"[85, 2, 180]",5.76156587832437,10.35,0.09037266780344741,2.7972703899166813
SARSA (Optimized),10,4,85,180,24.0,"[85, 234, 180]",8.883723329482205,15.78,0.09498044217375318,4.826145984150395
SARSA (Optimized),11,0,87,193,98.0,"[87, 127, 193]",7.188924037060328,12.41,0.06166653617073031,4.827120381045546
SARSA (Optimized),11,1,87,193,98.0,"[87, 193]",7.390307464785021,14.0,0.004008021397538822,1.9455252918287937
SARSA (Optimized),11,2,87,193,98.0,"[87, 193]",7.390307464785021,14.0,0.004008021397538822,1.9455252918287937
SARSA (Optimized),11,3,87,193,98.0,"[87, 193]",7.390307464785021,14.0,0.004008021397538822,1.9455252918287937
SARSA (Optimized),11,4,87,193,98.0,"[87, 193]",7.390307464785021,14.0,0.004008021397538822,1.9455252918287937
SARSA (Optimized),12,0,94,68,115.0,"[94, 9, 68]",7.5790086077594125,13.91,0.05052677771021835,3.044252872231734
SARSA (Optimized),12,1,94,68,115.0,"[94, 172, 68]",5.946935180828665,10.52,0.08112218509970248,3.3129926264937706
SARSA (Optimized),12,2,94,68,115.0,"[94, 118, 68]",7.951868478400511,12.76,0.040319704022584134,7.7988628359686825
SARSA (Optimized),12,3,94,68,115.0,"[94, 80, 68]",12.802609020871127,24.27,0.1059953415616021,3.1790520920132312
SARSA (Optimized),12,4,94,68,115.0,"[94, 233, 68]",8.56666069209907,14.2,0.10688905661489244,7.172969875573019
SARSA (Optimized),13,0,97,7,45.0,"[97, 81, 116, 7]",13.115746563947017,23.98,0.10020481034556968,5.478425604216732
SARSA (Optimized),13,1,97,7,45.0,"[97, 39, 7]",9.501100154752534,14.97,0.07907720791846606,9.961884961884962
SARSA (Optimized),13,2,97,7,45.0,"[97, 210, 7]",9.591138566854212,17.53,0.09774303580000518,3.984078280571051
SARSA (Optimized),13,3,97,7,45.0,"[97, 145, 7]",10.062843099155165,18.59,0.07397905184891695,3.728246918002448
SARSA (Optimized),13,4,97,7,45.0,"[97, 222, 7]",7.974540253782222,14.9,0.04032811649808545,2.5622090941639817
SARSA (Optimized),14,0,98,70,144.0,"[98, 89, 70]",10.091349115739686,19.04,0.07442190203993729,2.745112725638529
SARSA (Optimized),14,1,98,70,144.0,"[98, 106, 70]",13.812509734565234,23.66,0.07010936310324835,9.807384628171297
SARSA (Optimized),14,2,98,70,144.0,"[98, 90, 70]",8.46566551325125,14.23,0.07131688777915045,6.646352234587528
SARSA (Optimized),14,3,98,70,144.0,"[98, 195, 70]",10.652009440334265,20.07,0.0660511525879112,2.9859704727894534
SARSA (Optimized),14,4,98,70,144.0,"[98, 51, 70]",10.5865023220267,19.18,0.05620478868498915,4.898204427106011
SARSA (Optimized),15,0,103,242,189.0,"[103, 242]",2.827157308801926,5.0,0.04395188752918283,1.5698587127158556
SARSA (Optimized),15,1,103,242,189.0,"[103, 242]",2.827157308801926,5.0,0.04395188752918283,1.5698587127158556
SARSA (Optimized),15,2,103,242,189.0,"[103, 242]",2.827157308801926,5.0,0.04395188752918283,1.5698587127158556
SARSA (Optimized),15,3,103,242,189.0,"[103, 242]",2.827157308801926,5.0,0.04395188752918283,1.5698587127158556
SARSA (Optimized),15,4,103,242,189.0,"[103, 242]",2.827157308801926,5.0,0.04395188752918283,1.5698587127158556
SARSA (Optimized),16,0,108,129,84.0,"[108, 119, 129]",8.749403465615956,16.48,0.08441409829452735,2.4203961806379883
SARSA (Optimized),16,1,108,129,84.0,"[108, 140, 129]",9.883767419114557,18.51,0.11111825969869973,2.9771597060247323
SARSA (Optimized),16,2,108,129,84.0,"[108, 140, 129]",9.883767419114557,18.51,0.11111825969869973,2.9771597060247323
SARSA (Optimized),16,3,108,129,84.0,"[108, 140, 129]",9.883767419114557,18.51,0.11111825969869973,2.9771597060247323
SARSA (Optimized),16,4,108,129,84.0,"[108, 140, 129]",9.883767419114557,18.51,0.11111825969869973,2.9771597060247323
SARSA (Optimized),17,0,142,136,82.0,"[142, 136]",2.2942744151578363,4.0,0.016129381929883644,1.447178002894356
SARSA (Optimized),17,1,142,136,82.0,"[142, 136]",2.2942744151578363,4.0,0.016129381929883644,1.447178002894356
SARSA (Optimized),17,2,142,136,82.0,"[142, 136]",2.2942744151578363,4.0,0.016129381929883644,1.447178002894356
SARSA (Optimized),17,3,142,136,82.0,"[142, 136]",2.2942744151578363,4.0,0.016129381929883644,1.447178002894356
SARSA (Optimized),17,4,142,136,82.0,"[142, 136]",2.2942744151578363,4.0,0.016129381929883644,1.447178002894356
SARSA (Optimized),18,0,155,81,59.0,"[155, 32, 81]",8.294664231368232,12.67,0.06603718383839656,9.699265381083563
SARSA (Optimized),18,1,155,81,59.0,"[155, 209, 81]",8.733530354140278,13.22,0.09277350219317651,10.47849151741163
SARSA (Optimized),18,2,155,81,59.0,"[155, 203, 81]",7.776438836820368,11.27,0.10143567238615864,10.555040675522603
SARSA (Optimized),18,3,155,81,59.0,"[155, 211, 54, 81]",8.730345691095287,15.85,0.15081424651723882,3.800507085700583
SARSA (Optimized),18,4,155,81,59.0,"[155, 237, 81]",9.02175122522194,16.3,0.0959045644158647,4.214899279485904
SARSA (Optimized),19,0,159,177,47.0,"[159, 231, 201, 177]",9.853397583045046,17.619999999999997,0.0981128199835374,5.069818685249926
SARSA (Optimized),19,1,159,177,47.0,"[159, 234, 177]",7.485666299705658,13.78,0.11424171703364451,2.8069689229778216
SARSA (Optimized),19,2,159,177,47.0,"[159, 37, 221, 177]",12.607987206799852,20.13,0.14444149110172422,12.498273797346679
SARSA (Optimized),19,3,159,177,47.0,"[159, 190, 177]",10.377522692843314,18.57,0.09054456590247073,5.326796615362858
SARSA (Optimized),19,4,159,177,47.0,"[159, 108, 201, 177]",9.537728982843921,17.299999999999997,0.16605547263408066,4.189561705268494
SARSA (Optimized),20,0,180,225,169.0,"[180, 225]",7.3871352002121755,14.0,0.05129329438755058,1.858736059479554
SARSA (Optimized),20,1,180,225,169.0,"[180, 225]",7.3871352002121755,14.0,0.05129329438755058,1.858736059479554
SARSA (Optimized),20,2,180,225,169.0,"[180, 225]",7.3871352002121755,14.0,0.05129329438755058,1.858736059479554
SARSA (Optimized),20,3,180,225,169.0,"[180, 225]",7.3871352002121755,14.0,0.05129329438755058,1.858736059479554
SARSA (Optimized),20,4,180,225,169.0,"[180, 225]",7.3871352002121755,14.0,0.05129329438755058,1.858736059479554
SARSA (Optimized),21,0,187,189,174.0,"[187, 189]",4.24004424344621,8.0,0.05024121643674679,1.124859392575928
SARSA (Optimized),21,1,187,189,174.0,"[187, 189]",4.24004424344621,8.0,0.05024121643674679,1.124859392575928
SARSA (Optimized),21,2,187,189,174.0,"[187, 189]",4.24004424344621,8.0,0.05024121643674679,1.124859392575928
SARSA (Optimized),21,3,187,189,174.0,"[187, 189]",4.24004424344621,8.0,0.05024121643674679,1.124859392575928
SARSA (Optimized),21,4,187,189,174.0,"[187, 189]",4.24004424344621,8.0,0.05024121643674679,1.124859392575928
SARSA (Optimized),22,0,189,128,18.0,"[189, 246, 128]",9.34921004142371,17.44,0.09051369495140708,3.0102796646914296
SARSA (Optimized),22,1,189,128,18.0,"[189, 115, 128]",7.997351982211969,14.21,0.12041625328287053,4.281135531135531
SARSA (Optimized),22,2,189,128,18.0,"[189, 207, 128]",7.889952252717819,13.35,0.07820498731646378,5.9574537826143965
SARSA (Optimized),22,3,189,128,18.0,"[189, 137, 128]",4.996381693226742,8.81,0.040417232697375086,2.89628261708765
SARSA (Optimized),22,4,189,128,18.0,"[189, 231, 128]",9.883153480331748,17.9,0.07199636746864602,4.557772850455777
SARSA (Optimized),23,0,196,143,191.0,"[196, 22, 143]",9.876378331940245,17.93,0.05676343679482909,4.471746504508976
SARSA (Optimized),23,1,196,143,191.0,"[196, 20, 143]",5.576906719957046,9.88,0.10200706697960736,3.0315229993158175
SARSA (Optimized),23,2,196,143,191.0,"[196, 20, 143]",5.576906719957046,9.88,0.10200706697960736,3.0315229993158175
SARSA (Optimized),23,3,196,143,191.0,"[196, 20, 170, 143]",11.29427980271591,20.599999999999998,0.12092973585935132,4.790004409790528
SARSA (Optimized),23,4,196,143,191.0,"[196, 181, 217, 143]",12.68991992333263,23.73,0.10647073182330502,3.9648935189281898
SARSA (Optimized),24,0,212,75,148.0,"[212, 75]",1.8463189353645837,3.0,0.03770186718401153,1.6750418760469012
SARSA (Optimized),24,1,212,75,148.0,"[212, 75]",1.8463189353645837,3.0,0.03770186718401153,1.6750418760469012
SARSA (Optimized),24,2,212,75,148.0,"[212, 75]",1.8463189353645837,3.0,0.03770186718401153,1.6750418760469012
SARSA (Optimized),24,3,212,75,148.0,"[212, 75]",1.8463189353645837,3.0,0.03770186718401153,1.6750418760469012
SARSA (Optimized),24,4,212,75,148.0,"[212, 75]",1.8463189353645837,3.0,0.03770186718401153,1.6750418760469012
SARSA (Optimized),25,0,224,27,32.0,"[224, 234, 27]",6.619710451561036,9.78,0.0940942655277909,8.507410859513497
SARSA (Optimized),25,1,224,27,32.0,"[224, 6, 27]",9.279356858708056,16.51,0.10173920275571377,4.9691754894067035
SARSA (Optimized),25,2,224,27,32.0,"[224, 69, 27]",8.293267739494562,14.97,0.10692775647170781,3.8809470627652445
SARSA (Optimized),25,3,224,27,32.0,"[224, 36, 27]",11.373579350126121,18.75,0.03322676146677858,9.943056608430442
SARSA (Optimized),25,4,224,27,32.0,"[224, 148, 27]",10.564276761611167,19.91,0.05900842806145128,2.9578711659636516
SARSA (Optimized),26,0,235,139,190.0,"[235, 139]",5.389189038988964,9.0,0.0010005003335835344,4.444444444444445
SARSA (Optimized),26,1,235,139,190.0,"[235, 139]",5.389189038988964,9.0,0.0010005003335835344,4.444444444444445
SARSA (Optimized),26,2,235,139,190.0,"[235, 139]",5.389189038988964,9.0,0.0010005003335835344,4.444444444444445
SARSA (Optimized),26,3,235,139,190.0,"[235, 139]",5.389189038988964,9.0,0.0010005003335835344,4.444444444444445
SARSA (Optimized),26,4,235,139,190.0,"[235, 139]",5.389189038988964,9.0,0.0010005003335835344,4.444444444444445
SARSA (Optimized),27,0,245,94,33.0,"[245, 94]",5.57393666400685,10.0,0.019182819416773987,2.840909090909091
SARSA (Optimized),27,1,245,94,33.0,"[245, 94]",5.57393666400685,10.0,0.019182819416773987,2.840909090909091
SARSA (Optimized),27,2,245,94,33.0,"[245, 94]",5.57393666400685,10.0,0.019182819416773987,2.840909090909091
SARSA (Optimized),27,3,245,94,33.0,"[245, 94]",5.57393666400685,10.0,0.019182819416773987,2.840909090909091
SARSA (Optimized),27,4,245,94,33.0,"[245, 94]",5.57393666400685,10.0,0.019182819416773987,2.840909090909091
SARSA (Optimized),28,0,246,144,119.0,"[246, 160, 144]",11.512097817313155,21.43,0.07523330972397851,3.872639121979808
SARSA (Optimized),28,1,246,144,119.0,"[246, 43, 144]",8.9078024713659,16.75,0.08034039572822901,2.543501763237149
SARSA (Optimized),28,2,246,144,119.0,"[246, 48, 23, 144]",11.504183214102406,19.89,0.09949638939179703,7.646671486424339
SARSA (Optimized),28,3,246,144,119.0,"[246, 192, 144]",9.292082977766485,17.22,0.07185506186299856,3.302632296037931
SARSA (Optimized),28,4,246,144,119.0,"[246, 34, 144]",6.282088614933996,10.57,0.1132062352043231,4.815633721863495
SARSA (Optimized),29,0,248,189,21.0,"[248, 114, 189]",10.65322708232521,17.31,0.11217937801372457,9.822866344605476
SARSA (Optimized),29,1,248,189,21.0,"[248, 36, 189]",11.887919640205338,20.75,0.060709407160610615,7.473534090285778
SARSA (Optimized),29,2,248,189,21.0,"[248, 224, 189]",8.967223534042759,15.629999999999999,0.05883357731962273,5.672867304234362
SARSA (Optimized),29,3,248,189,21.0,"[248, 147, 229, 189]",13.810818573003345,23.93,0.09962127164661394,9.079660957546809
SARSA (Optimized),29,4,248,189,21.0,"[248, 191, 189]",8.53838216110768,14.05,0.08425588339691753,7.4405269804430185
Q-Learning,0,0,8,44,200.0,"[8, 158, 44]",10.671392810225736,20.01,0.08213575056038858,3.208760425288088
Q-Learning,0,1,8,44,200.0,"[8, 58, 44]",10.481840740589325,19.01,0.05787865138404437,4.797385725870555
Q-Learning,0,2,8,44,200.0,"[8, 67, 44]",7.023284340736585,12.68,0.08250927540217626,3.292657790579659
Q-Learning,0,3,8,44,200.0,"[8, 19, 44]",6.756945484535329,11.7,0.08045719356094515,4.414041632335231
Q-Learning,0,4,8,44,200.0,"[8, 147, 44]",8.837948929414864,16.06,0.08738471940050824,3.908667567973562
Q-Learning,1,0,24,221,172.0,"[24, 153, 221]",13.594016652809152,25.55,0.10808520648106136,3.9329554543241647
Q-Learning,1,1,24,221,172.0,"[24, 225, 221]",11.085062610450786,20.55,0.06272273068331682,3.9562289562289568
Q-Learning,1,2,24,221,172.0,"[24, 81, 221]",13.386142052307886,24.11,0.08949241585914611,6.521471637750707
Q-Learning,1,3,24,221,172.0,"[24, 14, 221]",8.951715843474984,15.61,0.0740232311289594,5.622544370681479
Q-Learning,1,4,24,221,172.0,"[24, 179, 221]",7.281768798722582,11.77,0.05875041498980285,6.895718371128207
Q-Learning,2,0,32,42,162.0,"[32, 236, 42]",12.076271546611123,22.47,0.12044567333198233,4.025689223057644
Q-Learning,2,1,32,42,162.0,"[32, 147, 42]",6.722686052591149,12.06,0.12768901261195031,3.271896744037818
Q-Learning,2,2,32,42,162.0,"[32, 246, 42]",9.657026250328402,18.44,0.05969319179458793,2.0955914639501185
Q-Learning,2,3,32,42,162.0,"[32, 121, 42]",9.826309905850152,16.55,0.08241094974636218,7.632933104631218
Q-Learning,2,4,32,42,162.0,"[32, 192, 42]",7.5173800873461865,13.22,0.0434359548146368,4.471746504508976
Q-Learning,3,0,37,208,124.0,"[37, 86, 208]",12.834223301718401,24.13,0.06898822078348034,3.742634177416786
Q-Learning,3,1,37,208,124.0,"[37, 110, 208]",11.694499525737843,20.39,0.10927151364983825,7.333590358214459
Q-Learning,3,2,37,208,124.0,"[37, 150, 208]",8.07246053417943,15.04,0.08221149379087359,2.6389854302108464
Q-Learning,3,3,37,208,124.0,"[37, 169, 208]",8.743938402228334,15.97,0.11736592865760362,3.6186431181552576
Q-Learning,3,4,37,208,124.0,"[37, 95, 208]",8.217130266920888,15.25,0.08315137457545116,2.8359242727412655
Q-Learning,4,0,51,124,94.0,"[51, 124]",3.721857533679465,7.0,0.014098924379501648,1.088139281828074
Q-Learning,4,1,51,124,94.0,"[51, 124]",3.721857533679465,7.0,0.014098924379501648,1.088139281828074
Q-Learning,4,2,51,124,94.0,"[51, 118, 124]",8.847358841729891,16.76,0.08952961709633826,2.2024997830049475
Q-Learning,4,3,51,124,94.0,"[51, 124]",3.721857533679465,7.0,0.014098924379501648,1.088139281828074
Q-Learning,4,4,51,124,94.0,"[51, 124]",3.721857533679465,7.0,0.014098924379501648,1.088139281828074
Q-Learning,5,0,53,19,57.0,"[53, 180, 19]",12.514871508905062,23.69,0.04230603057389711,3.2858984986644564
Q-Learning,5,1,53,19,57.0,"[53, 97, 19]",11.121743048408577,20.54,0.06639271910063577,4.159126163391933
Q-Learning,5,2,53,19,57.0,"[53, 83, 19]",14.364283188161057,26.86,0.10393219397284938,4.515517649846008
Q-Learning,5,3,53,19,57.0,"[53, 157, 19]",10.905733926826228,17.86,0.05009411053810719,9.803528468323977
Q-Learning,5,4,53,19,57.0,"[53, 95, 19]",9.152006546157875,17.25,0.09245376723776469,2.4963520799327297
Q-Learning,6,0,58,106,115.0,"[58, 248, 106]",15.216616493592827,27.79,0.12561330586212577,6.419662509170946
Q-Learning,6,1,58,106,115.0,"[58, 215, 106]",10.233207138178088,15.9,0.05457405969117113,11.334174601353677
Q-Learning,6,2,58,106,115.0,"[58, 103, 106]",9.529697212157382,18.05,0.05774690261256275,2.4368657068680672
Q-Learning,6,3,58,106,115.0,"[58, 148, 106]",14.605660281297364,27.91,0.04569060197922902,3.184765503517973
Q-Learning,6,4,58,106,115.0,"[58, 44, 106]",9.642698496564115,18.35,0.08147682636366359,2.2162772432750835
Q-Learning,7,0,64,237,98.0,"[64, 237]",4.791030839875483,9.0,0.03770186718401153,1.3986013986013985
Q-Learning,7,1,64,237,98.0,"[64, 95, 237]",8.588652681814748,16.25,0.11952467543083015,2.1389763959274983
Q-Learning,7,2,64,237,98.0,"[64, 134, 237]",6.796378660636769,12.57,0.08770523583583167,2.4253354494300967
Q-Learning,7,3,64,237,98.0,"[64, 237]",4.791030839875483,9.0,0.03770186718401153,1.3986013986013985
Q-Learning,7,4,64,237,98.0,"[64, 14, 237]",7.250043315406369,10.61,0.05877682205041862,9.63705134395622
Q-Learning,8,0,77,67,135.0,"[77, 218, 67]",6.89605591390392,12.22,0.03723040201719398,3.8744339664938052
Q-Learning,8,1,77,67,135.0,"[77, 66, 67]",8.767335198756625,15.82,0.13397397397777422,4.085715032816463
Q-Learning,8,2,77,67,135.0,"[77, 133, 67]",9.961463293691953,18.17,0.09361044337508982,4.241900803397119
Q-Learning,8,3,77,67,135.0,"[77, 66, 67]",8.767335198756625,15.82,0.13397397397777422,4.085715032816463
Q-Learning,8,4,77,67,135.0,"[77, 193, 67]",9.672094841628502,18.21,0.06880905409668892,2.732260626997469
Q-Learning,9,0,82,39,19.0,"[82, 39]",6.903106587820338,13.0,0.04919024419077178,1.941747572815534
Q-Learning,9,1,82,39,19.0,"[82, 39]",6.903106587820338,13.0,0.04919024419077178,1.941747572815534
Q-Learning,9,2,82,39,19.0,"[82, 39]",6.903106587820338,13.0,0.04919024419077178,1.941747572815534
Q-Learning,9,3,82,39,19.0,"[82, 186, 39]",11.027877604160546,20.93,0.04852192974750138,2.7416051261814833
Q-Learning,9,4,82,39,19.0,"[82, 41, 39]",8.895959890415858,16.12,0.07841255667529448,4.062180617066343
Q-Learning,10,0,85,180,24.0,"[85, 153, 180]",6.8292504908127585,12.55,0.04138960974997095,2.7091680394388353
Q-Learning,10,1,85,180,24.0,"[85, 31, 180]",8.313812983849989,15.52,0.09969750525706665,2.619518661364348
Q-Learning,10,2,85,180,24.0,"[85, 39, 180]",10.984937560763978,19.97,0.11652005230573143,4.824907725361294
Q-Learning,10,3,85,180,24.0,"[85, 153, 180]",6.8292504908127585,12.55,0.04138960974997095,2.7091680394388353
Q-Learning,10,4,85,180,24.0,"[85, 95, 180]",7.38510707515378,10.25,0.030302716637256488,11.255081300813009
Q-Learning,11,0,87,193,98.0,"[87, 193]",7.390307464785021,14.0,0.004008021397538822,1.9455252918287937
Q-Learning,11,1,87,193,98.0,"[87, 193]",7.390307464785021,14.0,0.004008021397538822,1.9455252918287937
Q-Learning,11,2,87,193,98.0,"[87, 193]",7.390307464785021,14.0,0.004008021397538822,1.9455252918287937
Q-Learning,11,3,87,193,98.0,"[87, 11, 193]",9.704281535867473,18.33,0.1172851917262405,2.520479891748009
Q-Learning,11,4,87,193,98.0,"[87, 193]",7.390307464785021,14.0,0.004008021397538822,1.9455252918287937
Q-Learning,12,0,94,68,115.0,"[94, 143, 68]",9.37877903320329,16.16,0.05683038529425416,6.408649588075066
Q-Learning,12,1,94,68,115.0,"[94, 176, 68]",14.00379536628083,25.84,0.1246600028835357,5.231986827078852
Q-Learning,12,2,94,68,115.0,"[94, 60, 68]",11.54687831231333,20.93,0.08773132700054602,5.2777945710658365
Q-Learning,12,3,94,68,115.0,"[94, 61, 68]",10.017370949120842,18.94,0.08756409334554037,2.6055086055859014
Q-Learning,12,4,94,68,115.0,"[94, 39, 68]",10.154225534822356,18.97,0.09567085243888065,3.2026213954534537
Q-Learning,13,0,97,7,45.0,"[97, 104, 7]",7.8268446524002995,13.59,0.09723618536285171,5.0133689839572195
Q-Learning,13,1,97,7,45.0,"[97, 22, 7]",16.331248467079785,30.93,0.06401283533456797,4.235223082397084
Q-Learning,13,2,97,7,45.0,"[97, 237, 7]",13.451501524634075,25.3,0.09603031103658996,3.8634621566154834
Q-Learning,13,3,97,7,45.0,"[97, 59, 7]",11.344069203068221,20.9,0.12148649312196053,4.28811627565817
Q-Learning,13,4,97,7,45.0,"[97, 233, 7]",10.094799779170232,19.2,0.11210011582764468,2.305848722109694
Q-Learning,14,0,98,70,144.0,"[98, 173, 14, 70]",14.008666000521847,24.5,0.13521587420454378,8.590506191302417
Q-Learning,14,1,98,70,144.0,"[98, 81, 70]",6.340584113088429,11.11,0.05457405969117113,3.8460594759053883
Q-Learning,14,2,98,70,144.0,"[98, 220, 84, 70]",9.601421821329602,17.860000000000003,0.0862076313359627,3.2277976596440574
Q-Learning,14,3,98,70,144.0,"[98, 127, 70]",14.057506054236367,25.41,0.1194795213748594,6.583310989119544
Q-Learning,14,4,98,70,144.0,"[98, 108, 70]",14.426890528659772,27.58,0.10190454773376932,3.031595821698211
Q-Learning,15,0,103,242,189.0,"[103, 242]",2.827157308801926,5.0,0.04395188752918283,1.5698587127158556
Q-Learning,15,1,103,242,189.0,"[103, 118, 242]",7.521216887713129,13.76,0.05882540650047764,3.117846328814927
Q-Learning,15,2,103,242,189.0,"[103, 242]",2.827157308801926,5.0,0.04395188752918283,1.5698587127158556
Q-Learning,15,3,103,242,189.0,"[103, 242]",2.827157308801926,5.0,0.04395188752918283,1.5698587127158556
Q-Learning,15,4,103,242,189.0,"[103, 242]",2.827157308801926,5.0,0.04395188752918283,1.5698587127158556
Q-Learning,16,0,108,129,84.0,"[108, 43, 129]",12.455075040941274,23.75,0.05246250396253817,2.821681448762561
Q-Learning,16,1,108,129,84.0,"[108, 210, 129]",10.997301341742654,20.53,0.08134227674774197,3.5394932935916543
Q-Learning,16,2,108,129,84.0,"[108, 236, 129]",12.563454559559073,23.47,0.05620277460860933,4.057968635882454
Q-Learning,16,3,108,129,84.0,"[108, 184, 129]",7.311336111626053,12.82,0.12352559513426803,4.321392165428863
Q-Learning,16,4,108,129,84.0,"[108, 210, 129]",10.997301341742654,20.53,0.08134227674774197,3.5394932935916543
Q-Learning,17,0,142,136,82.0,"[142, 136]",2.2942744151578363,4.0,0.016129381929883644,1.447178002894356
Q-Learning,17,1,142,136,82.0,"[142, 218, 136]",9.115978282160766,15.22,0.08851743561770531,7.3971152573772665
Q-Learning,17,2,142,136,82.0,"[142, 136]",2.2942744151578363,4.0,0.016129381929883644,1.447178002894356
Q-Learning,17,3,142,136,82.0,"[142, 136]",2.2942744151578363,4.0,0.016129381929883644,1.447178002894356
Q-Learning,17,4,142,136,82.0,"[142, 136]",2.2942744151578363,4.0,0.016129381929883644,1.447178002894356
Q-Learning,18,0,155,81,59.0,"[155, 109, 81]",12.591705905523929,22.98,0.1256622040642884,5.32003622152321
Q-Learning,18,1,155,81,59.0,"[155, 11, 81]",10.340071224532707,19.33,0.08009403740755142,3.255215066552213
Q-Learning,18,2,155,81,59.0,"[155, 119, 81]",12.080277870938428,22.48,0.09866299421010513,4.053394863376978
Q-Learning,18,3,155,81,59.0,"[155, 11, 81]",10.340071224532707,19.33,0.08009403740755142,3.255215066552213
Q-Learning,18,4,155,81,59.0,"[155, 11, 81]",10.340071224532707,19.33,0.08009403740755142,3.255215066552213
Q-Learning,19,0,159,177,47.0,"[159, 201, 177]",8.90034848089574,16.72,0.0967073029264731,2.556681450088991
Q-Learning,19,1,159,177,47.0,"[159, 101, 177]",12.76585025435202,24.18,0.09189374546790986,3.241410653558238
Q-Learning,19,2,159,177,47.0,"[159, 197, 177]",7.4211315068599335,13.15,0.058806901496461214,4.142447182054974
Q-Learning,19,3,159,177,47.0,"[159, 233, 177]",14.116031526063646,24.2,0.10907579543715605,9.916543937162494
Q-Learning,19,4,159,177,47.0,"[159, 6, 177]",12.684928422888975,23.51,0.07093937898980879,4.543233045960159
Q-Learning,20,0,180,225,169.0,"[180, 230, 225]",5.643000984839898,10.28,0.07395766714239381,2.4040684234858993
Q-Learning,20,1,180,225,169.0,"[180, 79, 225]",10.960942238482753,20.46,0.05895746504489317,3.5662749948464234
Q-Learning,20,2,180,225,169.0,"[180, 225]",7.3871352002121755,14.0,0.05129329438755058,1.858736059479554
Q-Learning,20,3,180,225,169.0,"[180, 174, 225]",8.744650234727526,15.82,0.05478213120193838,4.091077976834725
Q-Learning,20,4,180,225,169.0,"[180, 137, 225]",7.4709662547625015,13.81,0.013052838857758063,2.8102520155258706
Q-Learning,21,0,187,189,174.0,"[187, 212, 189]",12.488176658686836,23.99,0.04134892082153824,2.4038599122018782
Q-Learning,21,1,187,189,174.0,"[187, 189]",4.24004424344621,8.0,0.05024121643674679,1.124859392575928
Q-Learning,21,2,187,189,174.0,"[187, 46, 227, 189]",13.9605828214105,24.77,0.13640836324226152,7.673301562189103
Q-Learning,21,3,187,189,174.0,"[187, 144, 189]",13.281463410091387,25.33,0.04271038891513389,3.0182514670842426
Q-Learning,21,4,187,189,174.0,"[187, 189]",4.24004424344621,8.0,0.05024121643674679,1.124859392575928
Q-Learning,22,0,189,128,18.0,"[189, 126, 128]",13.570116720471692,25.56,0.10915851895006891,3.786845823933361
Q-Learning,22,1,189,128,18.0,"[189, 26, 128]",8.661505076055724,15.94,0.07726469243351763,3.3416283416283417
Q-Learning,22,2,189,128,18.0,"[189, 5, 128]",9.400549264670673,17.1,0.06219061935076227,4.159460394327223
Q-Learning,22,3,189,128,18.0,"[189, 137, 128]",4.996381693226742,8.81,0.040417232697375086,2.89628261708765
Q-Learning,22,4,189,128,18.0,"[189, 0, 128]",12.32087016377385,22.85,0.10406045443708602,4.323260137213626
Q-Learning,23,0,196,143,191.0,"[196, 14, 143]",9.472756505328004,17.61,0.05869903457509637,3.2507339747773756
Q-Learning,23,1,196,143,191.0,"[196, 29, 143]",15.070219217619442,27.29,0.047600281960128034,7.05469566515702
Q-Learning,23,2,196,143,191.0,"[196, 22, 143]",9.876378331940245,17.93,0.05676343679482909,4.471746504508976
Q-Learning,23,3,196,143,191.0,"[196, 119, 143]",8.664840347129713,16.48,0.08012780504421504,2.004010028082245
Q-Learning,23,4,196,143,191.0,"[196, 176, 143]",8.928489011685825,16.84,0.07141029109261525,2.435329621790197
Q-Learning,24,0,212,75,148.0,"[212, 222, 75]",11.514413809437755,19.9,0.03623104905596793,7.7677224736048265
Q-Learning,24,1,212,75,148.0,"[212, 40, 75]",9.983018992487306,19.0,0.08243824969451027,2.291437587894763
Q-Learning,24,2,212,75,148.0,"[212, 75]",1.8463189353645837,3.0,0.03770186718401153,1.6750418760469012
Q-Learning,24,3,212,75,148.0,"[212, 75]",1.8463189353645837,3.0,0.03770186718401153,1.6750418760469012
Q-Learning,24,4,212,75,148.0,"[212, 75]",1.8463189353645837,3.0,0.03770186718401153,1.6750418760469012
Q-Learning,25,0,224,27,32.0,"[224, 149, 27]",13.85085537114076,26.49,0.10691485635302653,2.868904571174264
Q-Learning,25,1,224,27,32.0,"[224, 82, 27]",12.800819389862852,23.54,0.06605400597149766,5.0550159403570145
Q-Learning,25,2,224,27,32.0,"[224, 82, 27]",12.800819389862852,23.54,0.06605400597149766,5.0550159403570145
Q-Learning,25,3,224,27,32.0,"[224, 235, 27]",7.778824904173748,13.71,0.051785541837239144,4.541446208112875
Q-Learning,25,4,224,27,32.0,"[224, 247, 27]",12.95668599381122,24.51,0.06990298551510984,3.40357549078343
Q-Learning,26,0,235,139,190.0,"[235, 43, 139]",13.93064394968013,26.75,0.047398221621099815,2.7071224159690006
Q-Learning,26,1,235,139,190.0,"[235, 150, 139]",15.071498932925092,28.04,0.08774436192109836,5.125878121743806
Q-Learning,26,2,235,139,190.0,"[235, 139]",5.389189038988964,9.0,0.0010005003335835344,4.444444444444445
Q-Learning,26,3,235,139,190.0,"[235, 139]",5.389189038988964,9.0,0.0010005003335835344,4.444444444444445
Q-Learning,26,4,235,139,190.0,"[235, 139]",5.389189038988964,9.0,0.0010005003335835344,4.444444444444445
Q-Learning,27,0,245,94,33.0,"[245, 94]",5.57393666400685,10.0,0.019182819416773987,2.840909090909091
Q-Learning,27,1,245,94,33.0,"[245, 167, 94]",9.499933962371232,17.87,0.11225067169253172,2.6562938043173534
Q-Learning,27,2,245,94,33.0,"[245, 225, 94]",10.119574016285576,18.55,0.0946078664840703,4.080958281701776
Q-Learning,27,3,245,94,33.0,"[245, 67, 94]",7.897461350583046,13.68,0.04243372390855618,5.223656167052393
Q-Learning,27,4,245,94,33.0,"[245, 94]",5.57393666400685,10.0,0.019182819416773987,2.840909090909091
Q-Learning,28,0,246,144,119.0,"[246, 146, 144]",7.165468755551988,11.96,0.06168121831797363,5.834821950282977
Q-Learning,28,1,246,144,119.0,"[246, 28, 144]",9.095725194681759,15.91,0.08116461177265535,5.5818790557498135
Q-Learning,28,2,246,144,119.0,"[246, 28, 144]",9.095725194681759,15.91,0.08116461177265535,5.5818790557498135
Q-Learning,28,3,246,144,119.0,"[246, 60, 144]",12.936246168483985,22.93,0.0508114841609519,7.280013616178496
Q-Learning,28,4,246,144,119.0,"[246, 60, 144]",12.936246168483985,22.93,0.0508114841609519,7.280013616178496
Q-Learning,29,0,248,189,21.0,"[248, 241, 189]",9.149871832104086,14.99,0.05857250260411667,8.18650040661426
Q-Learning,29,1,248,189,21.0,"[248, 234, 189]",10.575274478165742,19.78,0.08975643503451854,3.291737738276925
Q-Learning,29,2,248,189,21.0,"[248, 134, 189]",12.016217966128496,20.57,0.04549417027992571,8.587848575222587
Q-Learning,29,3,248,189,21.0,"[248, 149, 189]",12.926084695853634,23.49,0.0784610824357431,5.787731855614562
Q-Learning,29,4,248,189,21.0,"[248, 159, 189]",13.159813587358947,23.78,0.08535581727611576,6.2210342108805605
Simulated Annealing,0,0,8,44,200.0,"[8, 244, 44]",5.386250358754264,8.36,0.08358923918837177,5.905867934988766
Simulated Annealing,0,1,8,44,200.0,"[8, 150, 44]",5.644421129339429,10.04,0.1060004470369084,2.963104976141786
Simulated Annealing,0,2,8,44,200.0,"[8, 101, 44]",5.562630261733047,10.18,0.07932222678223781,2.244167968491882
Simulated Annealing,0,3,8,44,200.0,"[8, 101, 44]",5.562630261733047,10.18,0.07932222678223781,2.244167968491882
Simulated Annealing,0,4,8,44,200.0,"[8, 238, 44]",5.911019926660632,8.59,0.11360709205856662,7.909688995215311
Simulated Annealing,1,0,24,221,172.0,"[24, 191, 221]",7.372925627380808,13.05,0.08540382179913647,4.111522404205331
Simulated Annealing,1,1,24,221,172.0,"[24, 191, 221]",7.372925627380808,13.05,0.08540382179913647,4.111522404205331
Simulated Annealing,1,2,24,221,172.0,"[24, 146, 221]",8.320263546360659,14.96,0.10701852940328195,4.040789937698366
Simulated Annealing,1,3,24,221,172.0,"[24, 54, 221]",6.257563366988331,11.24,0.025149945150966753,3.150091917215205
Simulated Annealing,1,4,24,221,172.0,"[24, 13, 221]",7.0883528439242545,12.69,0.0937336306113488,3.5761637737042493
Simulated Annealing,2,0,32,42,162.0,"[32, 147, 42]",6.722686052591149,12.06,0.12768901261195031,3.271896744037818
Simulated Annealing,2,1,32,42,162.0,"[32, 59, 42]",6.398580096775193,11.9,0.075998613058644,2.1289025642879986
Simulated Annealing,2,2,32,42,162.0,"[32, 191, 42]",5.838075896325597,10.05,0.035248179005887524,4.012507213119154
Simulated Annealing,2,3,32,42,162.0,"[32, 1, 42]",9.3645369655869,14.88,0.06072960932743077,9.531590413943356
Simulated Annealing,2,4,32,42,162.0,"[32, 181, 103, 42]",9.013399904912431,15.9,0.12157983523197871,5.134629771714189
Simulated Annealing,3,0,37,208,124.0,"[37, 115, 208]",7.2538766181737095,13.21,0.0823324844626404,3.1208843641745845
Simulated Annealing,3,1,37,208,124.0,"[37, 88, 208]",6.371931729702145,11.75,0.07648187995218622,2.3699358285824452
Simulated Annealing,3,2,37,208,124.0,"[37, 112, 208]",6.334583404358624,11.69,0.03026165174239738,2.4025245441795233
Simulated Annealing,3,3,37,208,124.0,"[37, 112, 208]",6.334583404358624,11.69,0.03026165174239738,2.4025245441795233
Simulated Annealing,3,4,37,208,124.0,"[37, 71, 208]",6.289704322076053,10.63,0.07598188498601033,4.759548782901247
Simulated Annealing,4,0,51,124,94.0,"[51, 124]",3.721857533679465,7.0,0.014098924379501648,1.088139281828074
Simulated Annealing,4,1,51,124,94.0,"[51, 124]",3.721857533679465,7.0,0.014098924379501648,1.088139281828074
Simulated Annealing,4,2,51,124,94.0,"[51, 124]",3.721857533679465,7.0,0.014098924379501648,1.088139281828074
Simulated Annealing,4,3,51,124,94.0,"[51, 124]",3.721857533679465,7.0,0.014098924379501648,1.088139281828074
Simulated Annealing,4,4,51,124,94.0,"[51, 124]",3.721857533679465,7.0,0.014098924379501648,1.088139281828074
Simulated Annealing,5,0,53,19,57.0,"[53, 62, 19]",7.1608718243786385,12.47,0.03735436682159335,4.573327571660802
Simulated Annealing,5,1,53,19,57.0,"[53, 220, 19]",9.28351534425317,16.35,0.08463712720714697,5.415621030455123
Simulated Annealing,5,2,53,19,57.0,"[53, 223, 19]",8.744900848063294,16.57,0.09096437251886323,2.1630576815381746
Simulated Annealing,5,3,53,19,57.0,"[53, 223, 19]",8.744900848063294,16.57,0.09096437251886323,2.1630576815381746
Simulated Annealing,5,4,53,19,57.0,"[53, 95, 19]",9.152006546157875,17.25,0.09245376723776469,2.4963520799327297
Simulated Annealing,6,0,58,106,115.0,"[58, 129, 106]",8.514638585498533,15.76,0.12567827721287844,2.984675511673352
Simulated Annealing,6,1,58,106,115.0,"[58, 178, 106]",6.12067315609306,10.8,0.05158751134932697,3.5259845134413066
Simulated Annealing,6,2,58,106,115.0,"[58, 15, 106]",4.653823720423383,7.9,0.10810757425953182,3.3569572407276165
Simulated Annealing,6,3,58,106,115.0,"[58, 154, 106]",10.749970967383911,20.49,0.07329811217885689,2.414907668651275
Simulated Annealing,6,4,58,106,115.0,"[58, 124, 106]",6.379632074045112,11.69,0.11431650327856586,2.501685615307712
Simulated Annealing,7,0,64,237,98.0,"[64, 237]",4.791030839875483,9.0,0.03770186718401153,1.3986013986013985
Simulated Annealing,7,1,64,237,98.0,"[64, 237]",4.791030839875483,9.0,0.03770186718401153,1.3986013986013985
Simulated Annealing,7,2,64,237,98.0,"[64, 237]",4.791030839875483,9.0,0.03770186718401153,1.3986013986013985
Simulated Annealing,7,3,64,237,98.0,"[64, 237]",4.791030839875483,9.0,0.03770186718401153,1.3986013986013985
Simulated Annealing,7,4,64,237,98.0,"[64, 237]",4.791030839875483,9.0,0.03770186718401153,1.3986013986013985
Simulated Annealing,8,0,77,67,135.0,"[77, 209, 67]",7.06683957110917,12.22,0.10700138448038177,4.623695778825274
Simulated Annealing,8,1,77,67,135.0,"[77, 136, 67]",6.409016745931787,11.16,0.060912580147455805,4.0537148594377514
Simulated Annealing,8,2,77,67,135.0,"[77, 136, 67]",6.409016745931787,11.16,0.060912580147455805,4.0537148594377514
Simulated Annealing,8,3,77,67,135.0,"[77, 218, 67]",6.89605591390392,12.22,0.03723040201719398,3.8744339664938052
Simulated Annealing,8,4,77,67,135.0,"[77, 4, 67]",9.63888944138061,17.09,0.09453892090095035,5.327638825551619
Simulated Annealing,9,0,82,39,19.0,"[82, 39]",6.903106587820338,13.0,0.04919024419077178,1.941747572815534
Simulated Annealing,9,1,82,39,19.0,"[82, 39]",6.903106587820338,13.0,0.04919024419077178,1.941747572815534
Simulated Annealing,9,2,82,39,19.0,"[82, 97, 39]",5.3674080077376525,7.54,0.05566286073721079,7.903545747582445
Simulated Annealing,9,3,82,39,19.0,"[82, 19, 39]",6.018591192210341,10.7,0.07409960295797452,3.2318065566147407
Simulated Annealing,9,4,82,39,19.0,"[82, 51, 39]",6.56646567072762,11.18,0.0313278320525018,4.835336605559348
Simulated Annealing,10,0,85,180,24.0,"[85, 2, 180]",5.76156587832437,10.35,0.09037266780344741,2.7972703899166813
Simulated Annealing,10,1,85,180,24.0,"[85, 2, 180]",5.76156587832437,10.35,0.09037266780344741,2.7972703899166813
Simulated Annealing,10,2,85,180,24.0,"[85, 2, 180]",5.76156587832437,10.35,0.09037266780344741,2.7972703899166813
Simulated Annealing,10,3,85,180,24.0,"[85, 2, 180]",5.76156587832437,10.35,0.09037266780344741,2.7972703899166813
Simulated Annealing,10,4,85,180,24.0,"[85, 2, 180]",5.76156587832437,10.35,0.09037266780344741,2.7972703899166813
Simulated Annealing,11,0,87,193,98.0,"[87, 193]",7.390307464785021,14.0,0.004008021397538822,1.9455252918287937
Simulated Annealing,11,1,87,193,98.0,"[87, 127, 193]",7.188924037060328,12.41,0.06166653617073031,4.827120381045546
Simulated Annealing,11,2,87,193,98.0,"[87, 193]",7.390307464785021,14.0,0.004008021397538822,1.9455252918287937
Simulated Annealing,11,3,87,193,98.0,"[87, 193]",7.390307464785021,14.0,0.004008021397538822,1.9455252918287937
Simulated Annealing,11,4,87,193,98.0,"[87, 193]",7.390307464785021,14.0,0.004008021397538822,1.9455252918287937
Simulated Annealing,12,0,94,68,115.0,"[94, 61, 68]",10.017370949120842,18.94,0.08756409334554037,2.6055086055859014
Simulated Annealing,12,1,94,68,115.0,"[94, 24, 68]",6.7742796691955895,11.97,0.09980904473821464,3.796684778870624
Simulated Annealing,12,2,94,68,115.0,"[94, 47, 68]",6.8057626562941245,12.54,0.05361358417914155,2.598392905201912
Simulated Annealing,12,3,94,68,115.0,"[94, 187, 68]",8.293276774292394,14.26,0.0886234811861493,5.683448649682747
Simulated Annealing,12,4,94,68,115.0,"[94, 24, 68]",6.7742796691955895,11.97,0.09980904473821464,3.796684778870624
Simulated Annealing,13,0,97,7,45.0,"[97, 222, 7]",7.974540253782222,14.9,0.04032811649808545,2.5622090941639817
Simulated Annealing,13,1,97,7,45.0,"[97, 149, 191, 7]",7.943583505733676,13.540000000000001,0.12891115369920836,5.674550798119565
Simulated Annealing,13,2,97,7,45.0,"[97, 227, 43, 7]",9.933627646114866,16.82,0.13534727628519092,7.415117316146542
Simulated Annealing,13,3,97,7,45.0,"[97, 25, 158, 7]",8.887583609204203,15.75,0.16302530251507397,4.818380092248404
Simulated Annealing,13,4,97,7,45.0,"[97, 149, 7]",9.936358788430072,17.49,0.0843959928176767,5.83019995292385
Simulated Annealing,14,0,98,70,144.0,"[98, 129, 70]",6.211871103594229,8.76,0.11328086565038128,8.98943421949557
Simulated Annealing,14,1,98,70,144.0,"[98, 129, 70]",6.211871103594229,8.76,0.11328086565038128,8.98943421949557
Simulated Annealing,14,2,98,70,144.0,"[98, 113, 70]",6.823287767075124,12.52,0.09149288614936572,2.679199506151571
Simulated Annealing,14,3,98,70,144.0,"[98, 8, 70]",9.831347138906219,17.7,0.06601058008489082,4.8077198244037564
Simulated Annealing,14,4,98,70,144.0,"[98, 8, 70]",9.831347138906219,17.7,0.06601058008489082,4.8077198244037564
Simulated Annealing,15,0,103,242,189.0,"[103, 242]",2.827157308801926,5.0,0.04395188752918283,1.5698587127158556
Simulated Annealing,15,1,103,242,189.0,"[103, 242]",2.827157308801926,5.0,0.04395188752918283,1.5698587127158556
Simulated Annealing,15,2,103,242,189.0,"[103, 242]",2.827157308801926,5.0,0.04395188752918283,1.5698587127158556
Simulated Annealing,15,3,103,242,189.0,"[103, 242]",2.827157308801926,5.0,0.04395188752918283,1.5698587127158556
Simulated Annealing,15,4,103,242,189.0,"[103, 242]",2.827157308801926,5.0,0.04395188752918283,1.5698587127158556
Simulated Annealing,16,0,108,129,84.0,"[108, 70, 129]",10.030028460743143,18.74,0.07833073393718903,3.1826462028099414
Simulated Annealing,16,1,108,129,84.0,"[108, 68, 129]",6.429488903337874,11.72,0.09970750849822074,2.6978832539420354
Simulated Annealing,16,2,108,129,84.0,"[108, 213, 7, 129]",7.2661454760706015,12.719999999999999,0.1980658170987413,4.2336286547049
Simulated Annealing,16,3,108,129,84.0,"[108, 239, 129]",7.286234070554315,13.18,0.06999781198483271,3.3761736347943248
Simulated Annealing,16,4,108,129,84.0,"[108, 120, 129]",7.8184280331947615,12.75,0.029171995061088456,7.173382173382174
Simulated Annealing,17,0,142,136,82.0,"[142, 136]",2.2942744151578363,4.0,0.016129381929883644,1.447178002894356
Simulated Annealing,17,1,142,136,82.0,"[142, 136]",2.2942744151578363,4.0,0.016129381929883644,1.447178002894356
Simulated Annealing,17,2,142,136,82.0,"[142, 136]",2.2942744151578363,4.0,0.016129381929883644,1.447178002894356
Simulated Annealing,17,3,142,136,82.0,"[142, 136]",2.2942744151578363,4.0,0.016129381929883644,1.447178002894356
Simulated Annealing,17,4,142,136,82.0,"[142, 136]",2.2942744151578363,4.0,0.016129381929883644,1.447178002894356
Simulated Annealing,18,0,155,81,59.0,"[155, 75, 81]",6.636772559428049,11.42,0.07300510976085123,4.524355132498972
Simulated Annealing,18,1,155,81,59.0,"[155, 99, 81]",9.981216965923247,17.5,0.06425312186781752,6.059705146814501
Simulated Annealing,18,2,155,81,59.0,"[155, 40, 81]",8.200889432224685,13.0,0.08863261047872287,8.371498245405341
Simulated Annealing,18,3,155,81,59.0,"[155, 161, 81]",8.69736847099819,15.46,0.07331968293532443,4.72686283058796
Simulated Annealing,18,4,155,81,59.0,"[155, 34, 81]",6.066506508735346,8.57,0.08463712720714697,8.78057685286601
Simulated Annealing,19,0,159,177,47.0,"[159, 234, 177]",7.485666299705658,13.78,0.11424171703364451,2.8069689229778216
Simulated Annealing,19,1,159,177,47.0,"[159, 180, 177]",8.929559782266578,16.69,0.08543972540852288,2.794639323220105
Simulated Annealing,19,2,159,177,47.0,"[159, 56, 177]",11.63202298623775,20.89,0.05479512813020583,5.852922238993445
Simulated Annealing,19,3,159,177,47.0,"[159, 169, 177]",7.266535000145122,9.97,0.05556904555513531,11.32432143239291
Simulated Annealing,19,4,159,177,47.0,"[159, 139, 177]",7.246303927986033,12.78,0.08464358424285012,4.154554263565892
Simulated Annealing,20,0,180,225,169.0,"[180, 230, 225]",5.643000984839898,10.28,0.07395766714239381,2.4040684234858993
Simulated Annealing,20,1,180,225,169.0,"[180, 225]",7.3871352002121755,14.0,0.05129329438755058,1.858736059479554
Simulated Annealing,20,2,180,225,169.0,"[180, 206, 225]",6.5389825511729525,12.03,0.0826542550467779,2.495931373294599
Simulated Annealing,20,3,180,225,169.0,"[180, 203, 225]",5.625293813799162,10.27,0.0660179936842244,2.3524420784694757
Simulated Annealing,20,4,180,225,169.0,"[180, 203, 225]",5.625293813799162,10.27,0.0660179936842244,2.3524420784694757
Simulated Annealing,21,0,187,189,174.0,"[187, 189]",4.24004424344621,8.0,0.05024121643674679,1.124859392575928
Simulated Annealing,21,1,187,189,174.0,"[187, 189]",4.24004424344621,8.0,0.05024121643674679,1.124859392575928
Simulated Annealing,21,2,187,189,174.0,"[187, 189]",4.24004424344621,8.0,0.05024121643674679,1.124859392575928
Simulated Annealing,21,3,187,189,174.0,"[187, 189]",4.24004424344621,8.0,0.05024121643674679,1.124859392575928
Simulated Annealing,21,4,187,189,174.0,"[187, 189]",4.24004424344621,8.0,0.05024121643674679,1.124859392575928
Simulated Annealing,22,0,189,128,18.0,"[189, 207, 128]",7.889952252717819,13.35,0.07820498731646378,5.9574537826143965
Simulated Annealing,22,1,189,128,18.0,"[189, 115, 128]",7.997351982211969,14.21,0.12041625328287053,4.281135531135531
Simulated Annealing,22,2,189,128,18.0,"[189, 26, 128]",8.661505076055724,15.94,0.07726469243351763,3.3416283416283417
Simulated Annealing,22,3,189,128,18.0,"[189, 42, 128]",7.499859931098005,13.14,0.0888238694712897,4.5160638512830875
Simulated Annealing,22,4,189,128,18.0,"[189, 34, 128]",10.51647513016586,19.57,0.06424703082500051,3.561005104591807
Simulated Annealing,23,0,196,143,191.0,"[196, 117, 143]",7.709519893822078,13.2,0.0740047173308385,5.4365923931141324
Simulated Annealing,23,1,196,143,191.0,"[196, 20, 143]",5.576906719957046,9.88,0.10200706697960736,3.0315229993158175
Simulated Annealing,23,2,196,143,191.0,"[196, 209, 143]",5.946871851770085,10.22,0.05685582080231051,4.099075527646956
Simulated Annealing,23,3,196,143,191.0,"[196, 14, 143]",9.472756505328004,17.61,0.05869903457509637,3.2507339747773756
Simulated Annealing,23,4,196,143,191.0,"[196, 132, 143]",7.2147669865071755,12.83,0.10690196975465799,3.838481977903887
Simulated Annealing,24,0,212,75,148.0,"[212, 75]",1.8463189353645837,3.0,0.03770186718401153,1.6750418760469012
Simulated Annealing,24,1,212,75,148.0,"[212, 75]",1.8463189353645837,3.0,0.03770186718401153,1.6750418760469012
Simulated Annealing,24,2,212,75,148.0,"[212, 75]",1.8463189353645837,3.0,0.03770186718401153,1.6750418760469012
Simulated Annealing,24,3,212,75,148.0,"[212, 75]",1.8463189353645837,3.0,0.03770186718401153,1.6750418760469012
Simulated Annealing,24,4,212,75,148.0,"[212, 75]",1.8463189353645837,3.0,0.03770186718401153,1.6750418760469012
Simulated Annealing,25,0,224,27,32.0,"[224, 182, 27]",7.182920925481827,12.57,0.12876940490703714,4.29645052004858
Simulated Annealing,25,1,224,27,32.0,"[224, 156, 27]",8.623388650824923,16.28,0.08256335684210342,2.293098218861452
Simulated Annealing,25,2,224,27,32.0,"[224, 182, 27]",7.182920925481827,12.57,0.12876940490703714,4.29645052004858
Simulated Annealing,25,3,224,27,32.0,"[224, 2, 27]",9.148723135740807,16.35,0.09163938900823404,4.731156595191683
Simulated Annealing,25,4,224,27,32.0,"[224, 234, 27]",6.619710451561036,9.78,0.0940942655277909,8.507410859513497
Simulated Annealing,26,0,235,139,190.0,"[235, 139]",5.389189038988964,9.0,0.0010005003335835344,4.444444444444445
Simulated Annealing,26,1,235,139,190.0,"[235, 139]",5.389189038988964,9.0,0.0010005003335835344,4.444444444444445
Simulated Annealing,26,2,235,139,190.0,"[235, 139]",5.389189038988964,9.0,0.0010005003335835344,4.444444444444445
Simulated Annealing,26,3,235,139,190.0,"[235, 139]",5.389189038988964,9.0,0.0010005003335835344,4.444444444444445
Simulated Annealing,26,4,235,139,190.0,"[235, 139]",5.389189038988964,9.0,0.0010005003335835344,4.444444444444445
Simulated Annealing,27,0,245,94,33.0,"[245, 94]",5.57393666400685,10.0,0.019182819416773987,2.840909090909091
Simulated Annealing,27,1,245,94,33.0,"[245, 94]",5.57393666400685,10.0,0.019182819416773987,2.840909090909091
Simulated Annealing,27,2,245,94,33.0,"[245, 94]",5.57393666400685,10.0,0.019182819416773987,2.840909090909091
Simulated Annealing,27,3,245,94,33.0,"[245, 94]",5.57393666400685,10.0,0.019182819416773987,2.840909090909091
Simulated Annealing,27,4,245,94,33.0,"[245, 94]",5.57393666400685,10.0,0.019182819416773987,2.840909090909091
Simulated Annealing,28,0,246,144,119.0,"[246, 34, 144]",6.282088614933996,10.57,0.1132062352043231,4.815633721863495
Simulated Annealing,28,1,246,144,119.0,"[246, 34, 144]",6.282088614933996,10.57,0.1132062352043231,4.815633721863495
Simulated Annealing,28,2,246,144,119.0,"[246, 34, 144]",6.282088614933996,10.57,0.1132062352043231,4.815633721863495
Simulated Annealing,28,3,246,144,119.0,"[246, 146, 144]",7.165468755551988,11.96,0.06168121831797363,5.834821950282977
Simulated Annealing,28,4,246,144,119.0,"[246, 234, 144]",7.939754222386865,14.78,0.11223099678754449,2.580424616753013
Simulated Annealing,29,0,248,189,21.0,"[248, 25, 189]",8.271436222882237,14.74,0.039321417823826456,4.448198987675439
Simulated Annealing,29,1,248,189,21.0,"[248, 216, 189]",5.021990910667687,7.16,0.08932107137221143,7.075972946280114
Simulated Annealing,29,2,248,189,21.0,"[248, 241, 189]",9.149871832104086,14.99,0.05857250260411667,8.18650040661426
Simulated Annealing,29,3,248,189,21.0,"[248, 115, 189]",7.854573858898103,13.21,0.07537281511504723,6.134810071817946
Simulated Annealing,29,4,248,189,21.0,"[248, 47, 189]",6.91299189850806,12.54,0.12462621312662828,3.028020172850357
